,Profit Prediction
0,42.3064664439869
1,27.237828026431274
2,29.848198193318396
3,-354.8511300829744
4,83.55188699577508
5,-14.526853827912802
6,2.900766237635761
7,25.23147388751837
8,59.656364297246526
9,26.458757165027436
10,7.424272767397433
11,36.07036211316637
12,6.33092321005482
13,41.064255287205285
14,23.590664364671955
15,-10.657675850580503
16,13.251933016744054
17,70.60828833550164
18,-0.7746189910678432
19,-35.337414138773994
20,0.19823446794581656
21,62.78788888391705
22,220.5826998187108
23,20.56328298357965
24,1.9540585586983816
25,-31.257796264062776
26,27.102999120468546
27,-50.55642293361569
28,225.70398139980279
29,1064.8091070240357
30,24.770133119165195
31,6.596838432228992
32,6.563328316153786
33,44.471678383410634
34,111.56832083102313
35,37.53681072973918
36,9.211520704517238
37,8.662818027941203
38,39.873810066621196
39,202.20180849354628
40,19.584612675510815
41,30.088437796472075
42,22.724100013796868
43,32.61550847680859
44,100.3756716733442
45,-4.792221413381604
46,-0.9288410557447513
47,14.472392737440956
48,0.9733043893827826
49,7.76668009439841
50,31.3282481870969
51,26.64685082668128
52,38.86423375599848
53,22.093985690207706
54,-75.4815957710012
55,62.787265728002254
56,-14.815476475378873
57,-2.820707667799425
58,30.402717169459947
59,79.1627651406059
60,-53.49109172609954
61,-64.3130550066439
62,24.368324508858144
63,2.656324560984565
64,52.129178790850744
65,3.1128754631412754
66,25.92420581024741
67,27.8784612918999
68,137.1329220999922
69,12.803636165185832
70,5.32672240899355
71,35.1844243581843
72,207.9719551930866
73,-0.09042167346730068
74,54.014634341975466
75,5.06524406461266
76,21.787844601398334
77,-131.92742309005672
78,31.34811131268257
79,-7.021037737914099
80,24.114495725231215
81,10.79327768171235
82,-0.7106581995125048
83,45.67068294342463
84,8.85641829361266
85,-11.161459474600008
86,1.0567141684061951
87,100.495217827179
88,16.7262806260806
89,10.757067028639785
90,40.32796783510253
91,29.67647932040705
92,3.633321582197908
93,17.94407422490378
94,31.311289250115767
95,24.616251301936956
96,-71.90385133348752
97,31.285896075679783
98,9.987037496188421
99,416.3313193110538
100,2.259743994088897
101,-191.08789374816953
102,3.4582243345737567
103,2.8619809113104147
104,78.73517410424104
105,27.25326105211335
106,-1.3085727056066219
107,72.092906559661
108,-4.614945058310823
109,48.0876996427733
110,19.46967457301
111,73.34396169887404
112,-48.156397960804426
113,10.66309428466639
114,-396.4415769858892
115,21.791882157668674
116,24.70622437130813
117,18.955001930904658
118,22.158425147195995
119,24.378780570026343
120,69.78012846202625
121,17.64134937707167
122,-174.83983729815554
123,58.20836699692141
124,72.18183493524313
125,18.325830368534607
126,66.06209795106585
127,17.317496345662555
128,6.391417370424989
129,4.033656239006017
130,43.5017532239519
131,6.8814561321772665
132,159.14428666414491
133,101.06010771407446
134,25.76087947343014
135,-28.134602470123312
136,25.469427852757107
137,-4.215460432330744
138,-64.32747562722282
139,-0.3156325522861927
140,10.160555734213222
141,39.83128225656222
142,-3.297882172511045
143,202.87970078828766
144,17.905181875508966
145,43.91768910810467
146,1.6656459304765114
147,0.6763194591886688
148,-27.650813467691535
149,5.494810956791245
150,-4.096736886301954
151,17.855755431916
152,6.548522670492591
153,-43.045056217017674
154,227.3948413726481
155,3.656927898304531
156,23.288835394775006
157,-70.50148952002381
158,0.34333554610878636
159,19.239513556006663
160,15.162943744475164
161,-6.620539171204982
162,24.52191460841368
163,-7.128776113592323
164,63.49335914863422
165,21.129156406346098
166,-28.349143519984437
167,17.766913952903685
168,8.483165501937314
169,129.75474170350418
170,6.24482169251138
171,25.484472643618947
172,5.848158140170625
173,0.44002929627800924
174,4.42815216096534
175,-4.750534143249411
176,0.9486606077460173
177,22.040993722854076
178,22.415589638301938
179,58.07893375850179
180,-1.661307862855395
181,27.56111122170731
182,174.33481427292554
183,18.01841279387945
184,22.295283785808294
185,205.16501904444573
186,-26.687212177796653
187,115.4339459220672
188,21.796211728802607
189,-5.18364452822415
190,7.405712805127603
191,19.76515986546039
192,-243.6586582030974
193,915.6663510885954
194,44.80580586981389
195,-50.79773248468801
196,14.674382066748862
197,19.117356155333397
198,-77.9478229550897
199,3.826155585859553
200,7.5243418764714605
201,-32.76814179274638
202,2.6897152873522074
203,22.060657463513387
204,24.6730092226097
205,6.743012413787575
206,118.32964215883013
207,105.60374085445967
208,261.149488647406
209,-80.05969608945321
210,23.859079259966958
211,21.646531657412552
212,1.5137459417778274
213,5.340035672709654
214,11.304371684550702
215,2.320865650828548
216,71.55827409463424
217,6.928756707048436
218,63.137549708796044
219,-7.115015615173078
220,34.05880751618947
221,12.84310095044517
222,47.24531414531697
223,12.559470525676534
224,-71.94995559213905
225,9.453007340486788
226,-110.45704086380982
227,68.43088543739202
228,67.23865658300934
229,72.35061420240427
230,7.9259733259032075
231,22.952798356454572
232,12.932477764854546
233,-2.7867411990903292
234,22.46509001184295
235,45.64206323795502
236,-2.117931810167377
237,11.779081357010092
238,-142.66107495047802
239,32.03240461239044
240,6.661471412415789
241,158.5295512996376
242,171.840932197411
243,23.041816647497843
244,0.264620970729208
245,-334.36746412181594
246,15.309647104179291
247,50.37889891175383
248,157.1061716737273
249,10.365963359215243
250,17.553540691521853
251,50.734199232197525
252,13.143219340685135
253,111.08030271886128
254,28.520420875104005
255,23.784669253567078
256,59.91325466117236
257,9.235859692742867
258,21.855573281220153
259,214.3924628372527
260,73.01699818671943
261,24.923628128667946
262,12.085182373144281
263,-1.1171910500523126
264,0.4574824163339031
265,49.676037599115006
266,-241.76952136624487
267,23.810871491472113
268,-9.94678488939985
269,5.7653979668222135
270,25.095928241318862
271,-43.79691605283921
272,-4.231939291281314
273,53.671716569560054
274,9.090792270225034
275,28.017420004014973
276,-0.07188075720823406
277,-105.7780651868569
278,0.1865375200958006
279,27.123206849273025
280,5.502000142565713
281,8.005517952878506
282,27.67250170957691
283,10.728238905989137
284,13.301993020246304
285,6.522209708255339
286,52.693724762909255
287,13.20901139605244
288,25.56343867106267
289,1.4577651620359404
290,4.00978725208261
291,72.0113379956269
292,1.9821676276496483
293,-27.250493549012518
294,15.915810901971135
295,23.45943027803787
296,-17.19014205646606
297,-12.718203138418666
298,736.0913442477101
299,-277.7735221644027
300,21.49422869302466
301,-0.8932976975828559
302,17.663562785286864
303,8.738451231384921
304,-0.45105799457073203
305,25.38051850094813
306,-59.66232713183277
307,22.599958864855175
308,188.25695826321694
309,22.047195701625558
310,-197.59172729607832
311,141.0264119402215
312,-3.264185262276648
313,56.45905194478627
314,-3.0230250447944513
315,23.170819629678633
316,4.447088766168044
317,28.1189621084088
318,12.75403020868108
319,-2.066928286336193
320,0.3883966177396907
321,12.186548940535818
322,172.32374874354713
323,33.60781548503711
324,162.80743223927377
325,79.49122222898083
326,6.430642620793151
327,18.491535881605486
328,5.57227606893575
329,2.0677668464125105
330,20.108951150000053
331,-243.69309681171785
332,28.858645642992023
333,94.10395863435214
334,24.68282604484501
335,38.46168563939374
336,12.402719247653199
337,16.088296860313562
338,3.3547945643678396
339,-43.529248648421515
340,60.546322908613824
341,-299.35356784678015
342,24.01285518149561
343,34.966662466923566
344,9.197372604843167
345,22.215425219742457
346,-1.4300130773338715
347,29.106342828584676
348,29.001395037017993
349,-44.185907877951735
350,5.711689162497873
351,-1.8724190401242993
352,25.625248671319444
353,15.595369503358672
354,27.413482511416642
355,33.58137012936676
356,5.3357719499696294
357,-18.590533030060143
358,352.68841636012803
359,79.60969353703099
360,-37.19662233491327
361,15.327442414688413
362,49.155057433071754
363,23.63133499547987
364,-417.65864205284583
365,17.138847953243424
366,271.2637181519966
367,-4.919126932208087
368,16.842702397550216
369,28.211965888961807
370,73.64736425486375
371,15.450029129120749
372,-67.58922007239221
373,-41.675523993235686
374,6.380975420163821
375,165.5640138392181
376,33.149997715482876
377,398.40724954331023
378,493.8836669109503
379,24.16221390499421
380,-314.2599313048113
381,-323.8316293989452
382,0.4133945270922261
383,26.124420392951322
384,3.443279773407273
385,5.745635988897337
386,99.3172957719884
387,9.582193454766138
388,-4.21465906643283
389,67.31275352542173
390,-4.130092041540827
391,1.097834880401738
392,-118.912209440877
393,5.1194314006008845
394,21.732879879513447
395,-80.07331889713359
396,43.71425115296763
397,-2.1114573675606465
398,30.171772338999318
399,35.81467090424313
400,-0.043004472626606116
401,-75.52165286780647
402,0.6624834983530228
403,13.739781410040106
404,12.389271932328995
405,29.542509761762055
406,36.100817701550966
407,13.21052182531762
408,-102.34935769315106
409,0.9980950801439157
410,-418.7358509674242
411,51.22045315620378
412,3.8541344338822796
413,12.093539654509442
414,205.33162334001634
415,4.208694378641386
416,35.692358164135385
417,7.255843949198848
418,21.424608615084342
419,20.43772276557199
420,24.276333941077546
421,104.73794493496939
422,-49.120743303371114
423,-7.7174311675121885
424,15.870572480503228
425,5.171129403888113
426,-5.268773962760591
427,6.282372132060619
428,16.695946998590387
429,-1.5887042923979493
430,-251.33289975243042
431,80.72249850262207
432,543.1331774100021
433,220.86147530938575
434,-254.1391706053309
435,64.78624858780549
436,24.214257253895923
437,3.7833875196306117
438,14.421474228232693
439,560.8238028887329
440,89.17815080876389
441,776.052010354098
442,-70.99057887108098
443,40.12753452676775
444,30.339818695453523
445,1.1354710468445042
446,0.46201590630737144
447,787.5913597149394
448,75.02093476175116
449,158.93341344610175
450,49.24494246527791
451,-1.3816742117449081
452,77.85561775192897
453,24.40714986919945
454,413.785997173801
455,20.880477197598253
456,23.19861399921904
457,22.514555296835113
458,15.438948442443206
459,35.20371202907329
460,20.042985395115704
461,0.12762120299937507
462,13.487470092791373
463,-35.21025389144708
464,31.107834768306173
465,25.765806155505146
466,8.815315793232728
467,-0.4498608954876673
468,5.031967069029879
469,24.392948630488643
470,286.89941526821383
471,3.7135503370653886
472,154.21580801868532
473,-54.31375141805512
474,33.88582404593697
475,22.58615798742712
476,0.3608221634151363
477,4.361731320905914
478,0.5346349673785333
479,-69.79273903681175
480,79.26334089603193
481,19.270776321706194
482,591.7238250032116
483,-43.410484167994696
484,-10.407533601670906
485,34.432986005897675
486,14.167645059824672
487,-326.1357669082016
488,42.586763224237814
489,-78.22202179768418
490,-110.9210322235634
491,30.679576671007297
492,32.49063675929088
493,122.50140437795213
494,11.251141168297057
495,-8.614304722053888
496,29.306147881243053
497,15.943325422525808
498,19.80297912679719
499,-44.61125607225932
500,-25.189408144703606
501,-70.25677649027537
502,-4.203515243262167
503,64.4135097996301
504,58.59177062754802
505,104.70929952719828
506,6.763985222431181
507,65.44027409567072
508,12.791593896838592
509,-26.808173780587893
510,10.758281685282213
511,37.386874033583865
512,-3.979712596758283
513,7.391829551136027
514,30.69557793151711
515,2.328814240139991
516,71.12235712482278
517,12.732124253723715
518,12.141545040926772
519,-3.874217111095845
520,-99.6981015356688
521,-21.19659151919757
522,-1.3654899654136692
523,36.80400898364581
524,1.7137905472763215
525,-6.432244519480541
526,20.413651963253542
527,44.00075142890634
528,136.68100900344095
529,5.488504858130437
530,30.30217870590129
531,65.95159835980851
532,0.45633956680531185
533,33.79193406563578
534,246.3011751098441
535,11.779224782904887
536,-47.71278265887301
537,29.853984953789258
538,11.965925141913218
539,9.66451752709273
540,-54.01638183848718
541,13.495567719753573
542,13.53452447884537
543,106.58214794685814
544,9.077441222930254
545,4.573877954839247
546,3.1555940910395606
547,84.33482370521865
548,55.86501340989787
549,14.888556274776167
550,27.66970732597937
551,10.305777067468505
552,136.2009372173184
553,387.2043795019046
554,-0.7443137065835508
555,-49.994547737979275
556,29.645059280088336
557,21.08739923745933
558,150.3791433810256
559,75.20784815282754
560,30.049215735613586
561,-63.6224737953209
562,12.45621490159306
563,-148.89950262883434
564,25.997578381515073
565,-18.443234806796582
566,122.54257893052412
567,0.21775533427981486
568,5.454396356082459
569,126.26264788945119
570,3.514982840521906
571,24.726429504081633
572,-4.559599617675772
573,34.222721156369616
574,13.108417962890385
575,14.460686353548255
576,9.378673913453923
577,-6.325137852289586
578,-36.23034890703282
579,2.992967723922355
580,0.36245586927001483
581,13.82233500881367
582,7.254095147108263
583,30.78640825237808
584,-41.02693063357671
585,-4.6102729800511
586,74.97359098992149
587,7.677492692490567
588,-16.32725959767663
589,-23.40844638117497
590,-0.8180622409230587
591,1.8633841619489218
592,-3.5749168365857074
593,19.65256015549185
594,-1.9162634978167148
595,-2.5993347927628037
596,22.254270141414185
597,-110.67130141979516
598,13.186056989628472
599,23.45255328168148
600,256.6614206397607
601,32.18701439000542
602,-0.03863438625879567
603,28.98342862602619
604,-29.980679309344936
605,32.89294196999076
606,23.11864085745227
607,265.37093116789055
608,-52.722341153424736
609,11.23037518611811
610,4.977081214176717
611,-96.66317346551247
612,-20.236131016175733
613,5.043689375836461
614,-0.6511475652779986
615,62.15370625780999
616,26.629155391512366
617,21.66692135894489
618,-41.91654266690479
619,34.56124016726528
620,18.476640971536934
621,-3.1165047525234755
622,-63.360298546367346
623,39.133223170771046
624,3.1838225631771557
625,84.07984414926872
626,86.81291173714759
627,12.368709803036218
628,87.4436538896449
629,26.409376366532847
630,10.96861958455942
631,-5.765819414099461
632,15.188484925946494
633,15.924468313175993
634,37.55555918361223
635,26.895371934064798
636,5.3083543775550375
637,22.09039226657402
638,20.883807431703353
639,-1.0129223692437925
640,5.789825918904782
641,61.06040527190723
642,-574.2185246667757
643,4.50100222647551
644,14.815660606841234
645,18.317733803070325
646,5.60587498802181
647,49.02777078787378
648,-0.4462058115744476
649,44.77699191120964
650,23.994780480706368
651,-1.5839976830108782
652,7.640067845006239
653,-461.37998554219547
654,1.8286351810484014
655,-0.19749671541141822
656,25.999806121906392
657,94.91920222279143
658,9.477267759055696
659,6.293013217504129
660,8.79824548049384
661,-99.29555824074993
662,-36.04793419559914
663,18.272182105873686
664,-79.69115123854351
665,10.905051123234038
666,116.2761617797657
667,3.6790355968261856
668,49.713714856557914
669,41.19786731128339
670,23.20155767633313
671,8.614481112568136
672,-48.18774966013396
673,46.95364943540615
674,40.137189792569615
675,87.20204187308855
676,-46.97115935969319
677,91.7409113826153
678,25.41609442034062
679,-20.44535913053751
680,2.8781575803893418
681,4.014957891589262
682,44.80380814646935
683,169.1675053929829
684,2.184063080047274
685,-187.25110603823916
686,24.168620657707194
687,43.22493230117826
688,29.55219835967152
689,31.67221690181949
690,0.07529130171212728
691,26.132020716341753
692,63.64390420297146
693,50.76857592869267
694,47.60889149957812
695,-7.811399160309833
696,-112.14471519819122
697,13.278890508719194
698,28.26865975933405
699,1.184319972210286
700,8.679986291630286
701,83.51847004404262
702,23.246888538626457
703,16.72964277771114
704,1.3485705438525315
705,19.217534736728673
706,178.0486561331554
707,-3.218775318874478
708,31.799128563605144
709,132.27179850302053
710,0.7383228808200606
711,0.04072474935585291
712,114.92022548435796
713,-27.779369244035017
714,92.48386589614063
715,-110.5611897442175
716,113.40125879467229
717,-157.21049225739037
718,41.95008205612516
719,39.706315726263355
720,27.128225932069107
721,31.59642259354139
722,41.08694617678336
723,2.0988001759737536
724,8.348646865130377
725,28.816135645893645
726,15.694612022140234
727,3.7175752448113926
728,27.167870417849027
729,25.207355942019177
730,-0.12032403835923944
731,-19.003428358431925
732,32.04168243266061
733,58.35166183244958
734,0.5520248994775798
735,-0.6657889076383299
736,597.0818303035933
737,3.589148388068331
738,800.6101196007962
739,18.153092738858767
740,57.26208263554162
741,62.950148091961424
742,7.067394783189499
743,24.926612184677733
744,86.68691470074062
745,5.0277732993488335
746,-93.32107839682484
747,-53.43692190734967
748,22.415530203494342
749,11.47842682786689
750,84.38276611156495
751,51.609747827266354
752,196.1503867366846
753,14.176737803444183
754,410.79673147979867
755,12.593609786652795
756,3.7250102270727687
757,5.140458718789251
758,143.77096350063914
759,48.37104340273398
760,-182.44212914089297
761,17.257690435876498
762,3.2267430427269446
763,63.58402711723352
764,31.820566266000533
765,100.47849403442805
766,55.67227884058984
767,28.50517226160402
768,46.02438019297435
769,114.99531476494148
770,4.605614631924929
771,41.11228662202028
772,-45.891899921242015
773,-13.728647661033534
774,26.272505221530103
775,25.427485357092316
776,3.520218872354917
777,31.082964512381764
778,21.80665433858163
779,15.555660253467792
780,-7.713947691531288
781,31.322192538179035
782,18.56050526090926
783,13.393736072773336
784,7.569578478066475
785,24.13574343449966
786,30.638143767061624
787,9.391343838696827
788,25.530430396675275
789,102.91901720429408
790,8.509228801174729
791,1297.9817647671825
792,84.60230968690709
793,22.056059072474056
794,19.2716041692955
795,42.10943434707494
796,19.39194181079621
797,22.787153097168474
798,25.85391675925127
799,23.90177576339608
800,-3.6683917866695026
801,76.8810483996862
802,8.786027827264107
803,18.01160917445977
804,37.419980178915196
805,-3.2320347546141477
806,8.019432533865434
807,5.960867184650077
808,20.4477673592922
809,3.989497949487472
810,3.7999963508548795
811,-32.013496152796144
812,28.945128309110917
813,4.946901904923102
814,-5.728043181907864
815,0.042290123732236395
816,3.4757026430062297
817,-298.4465526664884
818,20.246878656912862
819,16.625571333059742
820,35.12583457926462
821,38.59815922704337
822,9.25596219089848
823,496.77404319375796
824,-75.45519878004875
825,15.765025756756813
826,20.866579283193158
827,14.54242430727552
828,-27.138078428441077
829,42.051649385725526
830,46.75756786204319
831,-5.573254148946475
832,-29.05088906541917
833,-48.19069209758598
834,-27.229883982164466
835,39.83188931443061
836,16.895462897386423
837,1.4045677998986719
838,-117.43276785707849
839,6.637179980549405
840,27.313221687784093
841,-39.237323256156145
842,140.10284629194624
843,61.581670075509706
844,28.200998723613758
845,116.6701855409836
846,22.82510321320269
847,87.84341832487323
848,27.727301102380668
849,109.0257481916245
850,23.71204588146682
851,30.369490269000178
852,159.44183073722382
853,66.90666583299688
854,21.2496836392243
855,16.66857398510001
856,17.86942244502384
857,5.2858807996789
858,167.76792480356266
859,2.912443756833696
860,-4.9929684517346615
861,-46.75087214483895
862,-4.055668420404672
863,24.584722189612
864,-7.107227981688162
865,10.607540129882231
866,6.382107766251458
867,99.03467333129382
868,-11.9993777448327
869,16.928424071444873
870,25.883112043388913
871,86.74694549758651
872,23.21447487041119
873,6.951078523261849
874,-90.77604200410767
875,9.713154767549142
876,17.40836516458558
877,-89.05885825705485
878,-33.26174912663089
879,226.17992872304274
880,23.41946750090652
881,-9.94753018829664
882,13.784841410706292
883,-109.48613318828399
884,153.0683581408039
885,20.342127715556607
886,-11.961436552766088
887,-24.63664008831381
888,86.16051969792872
889,21.801272798976036
890,14.801141694115444
891,79.28814461173818
892,23.399346984509517
893,1.283777148353586
894,22.37466036472823
895,-137.11886456856675
896,22.48533379628531
897,21.96989791865349
898,19.23893809743612
899,-2.6868948981250327
900,19.803562220042565
901,-377.1359054679739
902,15.846586400354488
903,0.8742611180158626
904,-29.193564341913486
905,-238.49668037374948
906,67.97718439346278
907,-14.870277929602565
908,8.94561458797629
909,-7.381314383265533
910,1.2683584353568698
911,-0.3112714325054817
912,27.230994743937067
913,2.884300705707176
914,26.237479094825446
915,-17.95749308097217
916,40.39173865590358
917,20.596373108672967
918,55.68041830061442
919,-10.73380773736205
920,22.59779500275667
921,-131.44644518000882
922,7.29421993543167
923,26.23487196808736
924,27.33883994946326
925,5.8045680604821825
926,19.44268834200213
927,-88.83008135097043
928,41.90197018794482
929,22.943060166753284
930,42.607238890865545
931,-4.877206285480618
932,20.973659603575825
933,-1.1561096655328242
934,-15.6931236829287
935,17.436010245892177
936,-3.1502210729170557
937,1.9707327382968174
938,-39.27501317979673
939,-33.03165948458627
940,25.91403936779183
941,24.870130336721196
942,25.010541153140604
943,-35.51834895695248
944,85.2917302702905
945,2.8412174928301397
946,293.9077554444398
947,27.35706333199717
948,31.578235459956986
949,300.8342204511466
950,7.123366822770663
951,17.64619869989521
952,52.001761354653354
953,2.4643795770147747
954,221.89055902720173
955,-18.57308783418719
956,3.6302389945962936
957,-89.3190981238694
958,15.452658421658636
959,-169.0315235958654
960,-16.23925194315413
961,26.846862905744334
962,16.12722609251027
963,81.7386946334519
964,488.5800348503296
965,24.94665238620899
966,30.52301246319694
967,27.39565387733924
968,0.4028907119621117
969,7.857858604631861
970,6.698519670041051
971,2.253778101498945
972,15.256863205370529
973,4.009051217551374
974,741.3891620970526
975,12.421719175276309
976,272.46726043998876
977,12.774094114965596
978,-2.27771044071676
979,20.164668889103076
980,-4.844203122286743
981,25.89490289776456
982,-0.15027362591211002
983,59.66431243771889
984,401.94216950514374
985,-1.4007460593318903
986,-74.12213203933968
987,118.67229268398424
988,28.24342859226362
989,-286.1596653583173
990,19.890639791430118
991,22.3065695972387
992,91.78966286737923
993,23.298946400163473
994,15.317996108775091
995,-0.8011192289095952
996,-36.95091787585639
997,-299.36330831213195
998,-4.262103711945933
999,-0.6295638746440915
1000,50.98854476433401
1001,435.79345797492215
1002,61.20808726643368
1003,498.97659112097966
1004,25.84362459264398
1005,16.371758075523417
1006,21.101234157937387
1007,27.260085227921387
1008,-28.892853264861373
1009,7.250493401794856
1010,131.90352477301212
1011,22.5806903807182
1012,-2.375115650872303
1013,20.67678228879157
1014,20.266222355906024
1015,-142.52407994027485
1016,18.698203765724266
1017,8.311891297301521
1018,10.951274747373148
1019,111.63338726717092
1020,-26.15626899439829
1021,-54.85079484065275
1022,-543.1108420910308
1023,-0.33061701661297604
1024,-88.21594759234078
1025,6.333479893297429
1026,22.8966760062619
1027,13.365463783283737
1028,712.1261504023976
1029,20.863525348289354
1030,11.866105032587274
1031,21.60862163985955
1032,14.794739534268308
1033,16.53469866120104
1034,-109.4248833634673
1035,155.29571548913287
1036,3.3418229943930378
1037,25.969420909107377
1038,102.8783723424879
1039,22.29416939462068
1040,5.014523378853617
1041,-3.2003893443826428
1042,3.6049504546925917
1043,15.43075759751784
1044,16.247955441768372
1045,28.39162365504243
1046,16.26067282883842
1047,85.64224058232843
1048,31.57023561417327
1049,-50.476994123123575
1050,28.391838482058798
1051,27.2143052686505
1052,75.53747861500068
1053,2.937582883432743
1054,30.026898050313427
1055,19.455265378783544
1056,37.93067673061145
1057,17.513972819734363
1058,20.246465246837012
1059,78.41873418246125
1060,9.671964571329056
1061,-10.341028174510669
1062,43.48588661196767
1063,18.758491410478747
1064,-98.4335583136253
1065,11.827992907393547
1066,23.452557071870153
1067,163.78911825219188
1068,1.4224432853636877
1069,12.264823756666559
1070,7.528915306581123
1071,5.52655009433381
1072,-15.497056931086277
1073,-113.31858255183005
1074,6.6711408515869906
1075,-0.02502125237308306
1076,27.32294462668784
1077,1.1169381455795708
1078,5.04504890078546
1079,29.442591819173
1080,-43.38552139334655
1081,-3.045610382568583
1082,17.23713235433918
1083,-3.538157141323154
1084,-6.257659446724475
1085,-32.34031331248937
1086,-4.720759020125243
1087,25.671237140141585
1088,435.4960313860769
1089,3.6216751391356574
1090,13.327857829772803
1091,-113.60921862551328
1092,12.420333048496659
1093,132.93833338693588
1094,21.110675680140794
1095,1.5952161644675833
1096,-17.716213570754874
1097,-53.18019725950805
1098,-23.60851517448694
1099,-3.547865283222791
1100,2.9154045214483375
1101,500.7033137421905
1102,120.92666264746957
1103,343.2995934392362
1104,61.38925275046743
1105,18.574344296186002
1106,10.566853651534068
1107,32.9652204612289
1108,20.971931076101818
1109,20.087420644841806
1110,23.357065482736992
1111,0.18244052234876307
1112,55.295695110408545
1113,36.10787413120471
1114,20.564736536599696
1115,26.70439400662092
1116,738.9212821403747
1117,10.044277890672493
1118,26.24889888219263
1119,9.391488002878052
1120,-158.8862790212338
1121,-106.72793922247939
1122,-4.250089300822225
1123,27.90898165504291
1124,-17.654403729930266
1125,68.7133043334536
1126,7.787269797980699
1127,24.844221075324167
1128,-49.39464990910463
1129,-45.4921046714656
1130,31.78978294108324
1131,27.11923435070744
1132,42.02859679407669
1133,396.39619086422454
1134,84.5424775749982
1135,-32.81955823519712
1136,68.46106383471667
1137,4.952135706030575
1138,12.394424352834033
1139,-2.7562076183468918
1140,19.995563777055573
1141,0.3680388949807032
1142,7.901320060308571
1143,15.596317395014943
1144,-4.6043299594655664
1145,-131.46875822116687
1146,23.102361704062357
1147,679.7918298681649
1148,-85.14160692462683
1149,58.867302261050654
1150,-7.131464378980297
1151,7.784322160031408
1152,-47.2759271147535
1153,4.659000159285398
1154,55.93120883251898
1155,1.694896805950858
1156,23.7741319084196
1157,11.599003554744414
1158,28.346522130070202
1159,30.38321945012867
1160,127.0015056008526
1161,88.5915748878481
1162,26.757379479194164
1163,157.1797309898186
1164,30.14801898622473
1165,-46.94147839049765
1166,9.274759243382292
1167,17.98084351083269
1168,13.176479545628908
1169,6.890458655709324
1170,1.2478481224353963
1171,-53.22386553681065
1172,-103.75651614065731
1173,-25.220414938395365
1174,212.28753518879753
1175,14.749206400939556
1176,12.238602485744877
1177,-4.079950616299882
1178,15.14587771949524
1179,13.074729677590287
1180,12.744113963044441
1181,-144.4872537096711
1182,-4.613229542160283
1183,22.77398994726081
1184,5.215753966328634
1185,13.740050934046664
1186,16.842600766909513
1187,164.83897032279236
1188,-0.9971147479628364
1189,9.102346223731946
1190,-54.65537698831689
1191,2.4850013324502385
1192,21.038753741327525
1193,18.74954224262484
1194,61.4174128274787
1195,2.255044424861399
1196,-50.97393408397011
1197,2.496207439280095
1198,232.86208120927205
1199,233.83816201734845
1200,5.356153587253814
1201,7.838026234995844
1202,43.54997652966429
1203,32.60122999808821
1204,112.71308079010763
1205,25.00688410558903
1206,354.54703579221115
1207,56.20448186862434
1208,23.25771597298125
1209,50.969100684143
1210,-16.32164027442709
1211,22.28720933289741
1212,66.6312822925196
1213,43.86307163681417
1214,-1.5704858693222903
1215,-0.7753788203556837
1216,18.568935745831283
1217,2.8531630704649587
1218,-2.6334479563555178
1219,-1.3322311327573075
1220,10.2556133831809
1221,52.717397618663014
1222,28.290021219983714
1223,25.662622921229946
1224,-385.9265576735089
1225,-12.490413477298652
1226,1.8854720379238934
1227,6.170897743141705
1228,-0.8981109386868589
1229,-28.6165821667594
1230,4.245223405034412
1231,0.4807058151675072
1232,20.044055320690553
1233,7.592478966290557
1234,-26.51844371537149
1235,243.55958036515383
1236,1.9237993214388034
1237,5.0543731233633125
1238,10.307918736521884
1239,-103.76041595830725
1240,37.581768731078114
1241,-1.0333292953740738
1242,91.04212504189235
1243,31.27148421662842
1244,111.62524528723078
1245,129.4900726684141
1246,-0.1462630836232286
1247,6.8229760958921055
1248,-66.26290899153423
1249,43.5697207887537
1250,32.03927674877509
1251,257.17079680464155
1252,8.445818569864187
1253,30.27666941121886
1254,22.462485219055598
1255,31.52981082603341
1256,3.807002885804298
1257,2.7081306748974328
1258,22.146723684980703
1259,95.02889080426023
1260,24.961501283912455
1261,18.059468126246216
1262,10.859455210141498
1263,7.244872529862391
1264,15.749207343249047
1265,20.824335056950318
1266,10.033936545546904
1267,46.91724931662935
1268,2.694453086117754
1269,3.0715038336928124
1270,95.46078270987874
1271,73.32270866012446
1272,23.490198343551334
1273,21.766326384182687
1274,-70.47463874069936
1275,-249.38837637926463
1276,9.301487057906613
1277,3.3045638959181716
1278,8.007811206882181
1279,2.122768529360769
1280,144.64874106027668
1281,8.82237558355007
1282,11.795603502548623
1283,123.50307956031295
1284,-155.46801971513233
1285,95.69070766847796
1286,20.075115730715673
1287,102.70176175855482
1288,0.13880271427704116
1289,7.479962314391468
1290,7.536587970758006
1291,18.14832390338352
1292,81.08914852747377
1293,4.355381132530216
1294,6.314154973748984
1295,51.84626134431132
1296,24.069070259793946
1297,14.364697850255165
1298,9.888392936072485
1299,-76.60421849761106
1300,24.009990222370167
1301,18.926302964152068
1302,-25.27977491528972
1303,1.7354697267260804
1304,13.626339400317505
1305,102.7182649104284
1306,10.994837047725674
1307,169.4291252815266
1308,22.742514522926346
1309,17.124623092224017
1310,20.027428572710384
1311,-34.91006326235012
1312,4.413097840610426
1313,-76.67268210771473
1314,54.9352618259565
1315,21.41364785423186
1316,-3.9670081610913
1317,2.523779492765687
1318,23.06701321841284
1319,19.520398436541264
1320,-3.112991218212322
1321,241.04834079814998
1322,-3.8404467675399374
1323,44.47746424825108
1324,19.426594318951857
1325,10.7312310315789
1326,14.273324279459978
1327,22.368301756110725
1328,-59.98109533878599
1329,-29.878546673550744
1330,40.19345283883808
1331,-61.5983174228883
1332,519.8499504162652
1333,12.212697720239987
1334,20.124793736201134
1335,60.996750317713165
1336,-41.553294469121084
1337,-1.1766807619439703
1338,57.780945594169
1339,-99.64566722982241
1340,174.076407929082
1341,-0.8050399200036082
1342,7.614731256559942
1343,8.941051949186967
1344,67.81244368690058
1345,16.13600069061561
1346,5.835548071555596
1347,23.130251405813727
1348,-1.179725596792089
1349,24.67765932297919
1350,-24.5018051664332
1351,-0.7613713211460933
1352,113.0863048890376
1353,42.42765490275987
1354,211.2712133515452
1355,-2.16266343674949
1356,23.745263740530667
1357,-4.832101347065148
1358,-2.0726466149528875
1359,64.16127314974923
1360,24.602659776583597
1361,27.503777570945
1362,57.74985875372107
1363,-1.3657972787107013
1364,25.03509848505797
1365,1.2378786936309645
1366,-104.18071180369736
1367,-4.048679010812847
1368,35.61989286971462
1369,21.86091007496949
1370,23.5122476232779
1371,39.4186903487014
1372,-32.77538807229354
1373,1.5001593214783497
1374,-96.95309177337784
1375,-1.6299194715772245
1376,8.357977245862472
1377,-1.7269878200445774
1378,15.029018996776674
1379,7.975069484510367
1380,3.937261154377058
1381,203.02441013094705
1382,19.687522268767857
1383,-43.75152776917264
1384,-44.089566960025905
1385,0.5079113673515074
1386,321.8784222596447
1387,24.942198166398214
1388,1.3184858865261262
1389,5.277479187460486
1390,5.469279671358265
1391,31.50395737887303
1392,160.15824256857684
1393,377.42545905102287
1394,20.38569247851563
1395,60.4519155076667
1396,60.38088582155675
1397,95.72123385521604
1398,-0.8366061043975641
1399,29.912309995081003
1400,9.219676498168013
1401,-89.49969057776678
1402,-56.73152635349251
1403,11.339091148121032
1404,20.22691747523705
1405,9.964515929655935
1406,9.391218674676992
1407,71.61671577831686
1408,-16.750360948227794
1409,125.11671318478399
1410,123.97686591129056
1411,17.672513328045937
1412,2.5306378385899393
1413,10.037407109263665
1414,20.562836074891685
1415,20.694782809618285
1416,8.806363439505432
1417,23.685498962557713
1418,-583.5820117815873
1419,82.25320391188966
1420,28.115928014359575
1421,-22.897252182061663
1422,-69.01081622692307
1423,64.32813917166709
1424,212.85995482856828
1425,21.69148420894712
1426,16.534565395399483
1427,368.2672592293329
1428,7.96359468652356
1429,27.55396817569052
1430,-4.054393990036644
1431,46.76308843583787
1432,8.341610377200695
1433,164.49010201362984
1434,26.805652221810956
1435,28.167116694468923
1436,55.50663656649371
1437,105.37367422095761
1438,38.56054533081769
1439,159.33423594337495
1440,26.006451475341542
1441,0.052054500302915585
1442,24.282752832680018
1443,64.59162485727063
1444,62.818208262780274
1445,15.069060514294621
1446,42.47059541550985
1447,-54.95400617318376
1448,3.107425372722844
1449,23.61943204538146
1450,23.661243545500163
1451,23.63766532462295
1452,209.9070847142873
1453,21.407288112670145
1454,3.3127542158259793
1455,18.845287993659582
1456,25.280179930986826
1457,784.5616886211391
1458,28.7423461741011
1459,-19.661040368643484
1460,0.8060935539691378
1461,22.906319972967538
1462,2.564553651096709
1463,68.02776136336306
1464,230.2062068149615
1465,-234.28658587503736
1466,12.468864849138985
1467,33.926473095659276
1468,26.533911534153244
1469,34.38632030527715
1470,-79.80442536052134
1471,48.47574229810894
1472,84.39723768761192
1473,20.75507263363656
1474,3.027597636709519
1475,197.8992407755863
1476,11.882111964063554
1477,-0.8097250472194055
1478,-104.66745612298229
1479,-37.09949762805101
1480,-23.596564160241336
1481,26.444233123259497
1482,-59.84163976651955
1483,28.87966893371977
1484,163.11415116842625
1485,2.1253935343068413
1486,255.72893025931796
1487,14.428652097176851
1488,32.66173148681414
1489,20.948089985055432
1490,16.38266517507102
1491,-1.395955498392496
1492,17.55679394076852
1493,6.244059456561491
1494,16.582059950834868
1495,-5.087031678105305
1496,3.449118321187978
1497,13.947727683254556
1498,1.6096886337186795
1499,-51.60195570076412
1500,56.27260641280623
1501,-57.25492718283384
1502,2.375344183065689
1503,-8.697303131950655
1504,11.14509524239907
1505,-43.55055756500779
1506,49.838564815263645
1507,0.6843784304189668
1508,5.361325265672175
1509,94.21093734242046
1510,10.03828433603218
1511,26.0912501331562
1512,-112.8997704281125
1513,81.5433531750478
1514,-5.665635116486158
1515,12.71358363222286
1516,19.710220036741923
1517,-80.71415901653846
1518,28.919642034674773
1519,257.0358222017199
1520,-24.975437943349107
1521,436.84148648027275
1522,-48.17323301118512
1523,62.57465433395443
1524,10.968640613851036
1525,-317.9961690403542
1526,138.6147133551056
1527,43.115247220670064
1528,-47.37688044005645
1529,3.9543177140751666
1530,16.90809701259596
1531,6.821465357949695
1532,21.810702795668664
1533,5.563275968798539
1534,12.644766603851878
1535,27.260672947570722
1536,32.54768757678521
1537,34.635931033379464
1538,12.379707765488863
1539,-0.42772799098769454
1540,9.00072289471818
1541,142.98323910591677
1542,20.503067240690335
1543,291.1044605429315
1544,-821.8285326479345
1545,25.000615136592998
1546,17.145288375411276
1547,42.36953249633653
1548,-73.4684097917877
1549,28.379906605712907
1550,92.19437317751533
1551,29.052993284023387
1552,30.02353331598225
1553,16.68731619799453
1554,-85.02794002773578
1555,2.082023037046234
1556,28.141356303411097
1557,2.1085951478781766
1558,23.757641158920435
1559,-14.785646502326173
1560,10.115188425103256
1561,22.210198153307964
1562,-18.816119382705878
1563,69.42014451437957
1564,68.55208690869073
1565,90.65203787594335
1566,26.731998801595218
1567,-1.1364968103402084
1568,16.717742421743008
1569,392.2345774442453
1570,45.626307218166176
1571,97.72722272001704
1572,6.354748055476023
1573,42.85173465169881
1574,4.159034762313954
1575,137.61044065831894
1576,3.1455077880893327
1577,26.647787327407002
1578,-7.065038491287183
1579,1.6960259566614369
1580,18.118092053627834
1581,30.399362459148712
1582,6.702510283070119
1583,25.414426643195497
1584,-4.49398464401844
1585,10.439662357392333
1586,10.772425188529411
1587,19.40017368776887
1588,-1.6908058428481212
1589,806.4873882611427
1590,-22.923337927476908
1591,251.86574834171978
1592,39.80300293481449
1593,674.3175463329327
1594,-0.30541022192107903
1595,22.843406423319568
1596,-5.167843973074596
1597,27.108656803882276
1598,-2.4175327245570486
1599,4.95037712936411
1600,0.49229516152334796
1601,57.812364197168705
1602,162.87414704845833
1603,131.11787599716138
1604,3.002990876291477
1605,77.75363009882884
1606,74.13530284358204
1607,22.28493560962479
1608,-262.3668910492624
1609,-18.968986724500652
1610,79.91375263284698
1611,11.054175215161287
1612,56.10984677330941
1613,67.7432397002797
1614,28.636450673519462
1615,109.78606818456541
1616,27.478326741099444
1617,47.855384827270186
1618,9.020659936145474
1619,52.4478847339098
1620,-32.50603243998552
1621,27.434333650760557
1622,-0.9394362434576955
1623,11.527573306263857
1624,-108.51181095093142
1625,8.348205935740271
1626,59.75517288070118
1627,6.462683275897877
1628,-2.6015755214377094
1629,3.5591352887765275
1630,-0.8121831672887403
1631,-5.494643959856575
1632,26.35228121667318
1633,4.397841297989878
1634,181.0056520084136
1635,7.933050705396553
1636,65.06397744192495
1637,-207.79501359698918
1638,13.140706760617885
1639,15.397785708203475
1640,103.10373252488972
1641,88.01722795745452
1642,57.47311792517763
1643,2.3519393792442287
1644,30.347484437091392
1645,24.653773925240003
1646,1.2797450788777631
1647,-7.836204945456991
1648,3.0028144275926927
1649,5.730001288799315
1650,24.423527257083254
1651,1.8103419236251739
1652,26.842828810994277
1653,0.6478389998722847
1654,417.4472876073904
1655,201.51412372805217
1656,-120.58921551218751
1657,6.674250448178853
1658,25.514577860495706
1659,-0.1166019997433203
1660,40.24030993924973
1661,21.026893647530738
1662,1.672965595909755
1663,-0.05727638353461373
1664,49.76331157481824
1665,17.883385937496733
1666,1.5024760105127832
1667,390.96253845611653
1668,5.0601454717040255
1669,4.323833588453365
1670,0.7100710647301298
1671,44.095731939239094
1672,-102.46001705294563
1673,-1.2494327973371142
1674,5.0471270826192836
1675,6.32623567632433
1676,1.5666822662807185
1677,22.387144724419684
1678,-26.187093969385955
1679,5.4982334723937925
1680,-7.01346478852372
1681,167.54413001212313
1682,19.60613784366039
1683,8.342859941711598
1684,21.37216268371995
1685,-4.534603337929951
1686,-4.289856256119407
1687,112.45639130228241
1688,1.6264074088720015
1689,25.962798131445815
1690,4.602376487082623
1691,-2.9417303490160407
1692,2.2588941737270396
1693,25.757991263805526
1694,-0.6414327129120991
1695,8.706163867430227
1696,114.09580198333211
1697,573.2829744665374
1698,-56.08799140402897
1699,12.751207112872876
1700,22.627683698187063
1701,8.301813549085622
1702,30.703255246798953
1703,-15.93365260396132
1704,6.09249868359877
1705,19.761856298176433
1706,7.690893844775459
1707,16.53979970194372
1708,9.15503126381158
1709,0.5557947673011583
1710,33.351497062723666
1711,-155.87645042407462
1712,-21.317877674569345
1713,25.17489437990146
1714,35.81852099821107
1715,-17.46236221425721
1716,13.207894066655925
1717,-47.28314046504346
1718,8.498215288094656
1719,3.5833383861030264
1720,2.553142652014241
1721,7.277742086250143
1722,-74.51568571939347
1723,163.6664948995216
1724,20.204200034574246
1725,22.35935478798427
1726,-5.468066718773144
1727,68.52144838988107
1728,49.24816146862748
1729,1.1278873498741149
1730,71.82749676500512
1731,10.241119266371921
1732,-517.2990141599137
1733,-14.667342471509158
1734,26.82035520332316
1735,30.171898593971903
1736,51.44428913676198
1737,571.8563773658385
1738,2.185064721757577
1739,52.85123925086303
1740,-84.17192151003121
1741,-26.129164259130135
1742,-26.285038833034633
1743,9.165009203324928
1744,4.389911117456908
1745,-49.19085035588651
1746,32.841236013020065
1747,19.741572284370605
1748,19.50346125010213
1749,56.648995104233535
1750,13.962523510396508
1751,2.7300476770681854
1752,13.527064031748797
1753,72.04113794172122
1754,1.6105126038450024
1755,26.376601012537947
1756,12.43275996570803
1757,23.12903564289363
1758,27.832599773039465
1759,4.985117624327529
1760,375.63053225083996
1761,117.86624539657473
1762,23.59265200837616
1763,105.4760830339885
1764,22.10707908898211
1765,56.91030344057704
1766,128.12672812993523
1767,356.1496702518099
1768,26.50811471435471
1769,0.14778869971086195
1770,221.34114610457559
1771,6.577726430579823
1772,12.563762169792266
1773,30.12371780456374
1774,8.90921342372522
1775,-1.972043895163651
1776,12.411792712221384
1777,6.178850576326738
1778,22.767028035155505
1779,66.08251190710484
1780,72.85526471283457
1781,32.65925081652902
1782,-71.98413569577181
1783,26.964954051506762
1784,11.592915523211403
1785,13.301158440110022
1786,-104.99135474513358
1787,46.1949623077707
1788,14.19104138394355
1789,22.03009207164468
1790,46.39505855741601
1791,6.813433184172148
1792,-23.053686691046465
1793,224.7981530292999
1794,4.8226579093614355
1795,20.37873276862277
1796,-2.5967376312726316
1797,6.951146103923499
1798,-34.833270251215765
1799,9898.869576914725
1800,34.81419893159278
1801,-104.49491916628796
1802,-5.179999385606379
1803,22.66551600444636
1804,-1.907849909701838
1805,-2.868708054293819
1806,-33.42837015378554
1807,29.092979016700298
1808,-144.00083508355954
1809,-0.7344973110380444
1810,16.392732845028895
1811,38.6710622039962
1812,8.906279750155495
1813,448.4683293476436
1814,-113.39053157326907
1815,3.403670716284708
1816,19.853857413673385
1817,-6.164061816671818
1818,16.466852446370538
1819,5.65556120727075
1820,23.224107264581264
1821,5.301560601674371
1822,68.3555429926364
1823,65.38613053148465
1824,99.17181315336062
1825,15.122349899751622
1826,15.909288196527019
1827,-109.63087923043872
1828,-17.07595427405596
1829,17.15754642314126
1830,147.50657902575182
1831,18.411469189356986
1832,-1.52156819093085
1833,32.475385081755945
1834,-1.2040783341817836
1835,7.966143418309063
1836,73.76061253775305
1837,2.0179481579104745
1838,-145.774523137715
1839,26.579232499680938
1840,13.087443829071727
1841,23.791203976873966
1842,2.402083129046847
1843,56.75829024358958
1844,3.4127516990618574
1845,25.26432484124122
1846,98.38936898387163
1847,26.183015895859025
1848,-64.01564564437815
1849,-78.54678463105643
1850,23.909129687052083
1851,766.3644716558073
1852,24.46855707222364
1853,69.55396080990413
1854,-1.7596529013512168
1855,-42.12818548736857
1856,-26.347294058271984
1857,34.704095151575714
1858,10.306250779325282
1859,20.811133576493713
1860,87.1295571722729
1861,26.183775070138733
1862,26.430752728797167
1863,1.5154247266996315
1864,539.5862807139897
1865,44.47515077586013
1866,16.868993112161267
1867,12.343911977933342
1868,55.91945674589325
1869,103.37838276291086
1870,-322.66286777412677
1871,41.05782374312715
1872,27.952531788127647
1873,1.4179563296494422
1874,9.939455763794637
1875,6.373112652022915
1876,19.792084708381864
1877,3.013908092171249
1878,-49.78348252278923
1879,-7.633080672320673
1880,41.34742640821622
1881,24.385273230980474
1882,-44.59700668405873
1883,15.15983686468067
1884,5.294574480148164
1885,20.446240539697122
1886,241.34304338441498
1887,0.2078046386567145
1888,3.593564307042893
1889,-126.02002251546557
1890,0.27263520953746934
1891,-0.95718015554381
1892,-1.2853173881118884
1893,55.339251058871156
1894,-48.21912391786876
1895,119.15584909494588
1896,7.778930942773414
1897,-129.49101441780533
1898,31.047017092125778
1899,-0.42918284101516235
1900,14.233771515679798
1901,2.615727599092647
1902,40.44031373853909
1903,11.321311324969418
1904,10.60024573190212
1905,31.44846563785806
1906,24.98191001868283
1907,-0.6594740729355557
1908,-2.7264842155147093
1909,21.452242435004926
1910,153.43167853993887
1911,30.81192557974654
1912,17.55574440173819
1913,4.240610337912482
1914,35.60107055680894
1915,0.019238096842762786
1916,31.89455940501491
1917,10.559783004760739
1918,-53.837948145505095
1919,18.170131979230305
1920,129.9447051331157
1921,-3.65553322180493
1922,26.74605335651197
1923,-10.803154746230945
1924,6.571661631664995
1925,36.436776246971114
1926,-11.761244925368068
1927,11.540592156047879
1928,19.175135041215555
1929,24.639303177916908
1930,28.441612871711033
1931,14.528970759249727
1932,24.844088625213054
1933,-3.8107038179340265
1934,279.4790816473006
1935,5.634244138191217
1936,35.81797425726573
1937,-77.4329649114209
1938,9.223560303458541
1939,26.891100865188893
1940,17.998048161035655
1941,-1.2573717804230995
1942,246.15925772801975
1943,4.175298572122813
1944,-86.20474073678318
1945,-9.024767997812596
1946,-33.80724021281388
1947,19.82809522116571
1948,-288.04872273777846
1949,8.018464619069391
1950,-151.9459438174954
1951,-37.07207076702039
1952,74.41885913005348
1953,-6.8682908523836375
1954,11.081701675196339
1955,42.36264122509644
1956,-1.6034068085076498
1957,26.554339686592996
1958,57.92684433116557
1959,-449.5595392197841
1960,289.2665935980791
1961,48.69376040204166
1962,-56.38002726414618
1963,-257.6287605269839
1964,-84.26353709737754
1965,3.1694162796549215
1966,110.4507065822576
1967,175.42578829467348
1968,-42.406381136286285
1969,4.253804395395857
1970,-11.312665874282061
1971,18.058099975755688
1972,13.096109519663681
1973,87.66652905982292
1974,14.06569466059955
1975,-3.5144956211390763
1976,-73.47168616344464
1977,-49.15658717355333
1978,3.0364351953002426
1979,-67.63190510895544
1980,27.281745882753665
1981,7.285249418564796
1982,-331.00525036915775
1983,2.4916739640239207
1984,23.997796152619912
1985,7.273826566023157
1986,131.17163307869157
1987,5.90802008899319
1988,0.28192279761014305
1989,14.928177690279728
1990,3.648128624684663
1991,161.3301066072631
1992,5.724875448563221
1993,23.050452097794754
1994,-19.848821854277205
1995,48.53837925876158
1996,319.35739609652217
1997,2.4003551692136575
1998,714.4519660218207
1999,13.186435349722899
2000,28.51921895368863
2001,61.37896106807841
2002,-2.4464880648501435
2003,559.1426474582817
2004,-100.62686740985663
2005,7.984082750899255
2006,46.634145324221954
2007,26.079994988998138
2008,8.050770053621989
2009,41.08419725368513
2010,9.122883761810446
2011,-0.8465620192639953
2012,63.60257091461291
2013,-343.36056793241704
2014,62.48949342903332
2015,10.270409060508214
2016,29.28158598608018
2017,161.22760431259385
2018,-265.71111205205625
2019,0.686075192433492
2020,445.71572547984755
2021,-3.3420647712880225
2022,31.973051697456906
2023,37.349460956998634
2024,96.13587657815468
2025,28.21548506244345
2026,3.7880497867343124
2027,-0.8425727268075676
2028,23.75537691597707
2029,20.905533566721687
2030,49.0222957220022
2031,20.63364256646743
2032,24.60815004891642
2033,27.72260499372186
2034,72.44871017995621
2035,154.78338456951903
2036,18.668366650772725
2037,-0.49840287528682126
2038,0.005939384094816091
2039,5.262580857586364
2040,4.134380197153003
2041,56.10119042567831
2042,3.113069035876663
2043,28.421844716370778
2044,24.4216497330341
2045,-2.8262645091567506
2046,5.448522101456902
2047,24.249479860470778
2048,-0.26804949083283347
2049,-370.84873907059534
2050,25.763588098162447
2051,20.61001244005966
2052,41.575758846569684
2053,9.54196211571568
2054,36.869037665926186
2055,27.870233890278495
2056,-33.04130720543117
2057,3.7262630510870487
2058,-0.6846058594417741
2059,7.9870593131241066
2060,5.525654893010074
2061,24.604114742882754
2062,-1.6994287710501936
2063,-506.1817801681858
2064,27.894813131705604
2065,241.6420471850232
2066,14.891582215569105
2067,25.13299399005902
2068,53.46088639685889
2069,-287.6345840147749
2070,6.071379078072297
2071,17.4772296539453
2072,-4.869326726375505
2073,-46.80922173390766
2074,18.48415739473698
2075,-1.6507150349987683
2076,6.282271876203705
2077,17.109732368802625
2078,26.7683696195001
2079,23.14229692437057
2080,8.000742693289567
2081,28.554222015746678
2082,66.27147674318255
2083,15.01179761151064
2084,19.816209497050533
2085,-122.4790129890113
2086,-108.90493393638616
2087,7.70078093300501
2088,28.547035440457
2089,22.391688578663626
2090,463.5979817660499
2091,10.653462375627043
2092,22.768852085262704
2093,-7.683956441208629
2094,17.293332486672178
2095,571.7510416644183
2096,10.842277911581213
2097,17.6051661335152
2098,3.3693692974035585
2099,2.814160613593863
2100,28.99991599795862
2101,-0.924785126829164
2102,144.9784427622953
2103,26.063422767890543
2104,-184.46791347901762
2105,-26.292839902647557
2106,14.37724647938245
2107,10.62006180206491
2108,-26.219094114192032
2109,573.267595841499
2110,-16.12432081294881
2111,5.005834574951525
2112,-268.3045743136752
2113,41.02379758166482
2114,-37.546715266768246
2115,22.678611306209017
2116,25.111561873928085
2117,-15.921263689727795
2118,19.38366056966303
2119,26.75318252094455
2120,-47.45319529002708
2121,63.99250067280046
2122,142.86317462601556
2123,-173.235064588185
2124,43.6525983243931
2125,281.32252274691075
2126,-1.0957061288259808
2127,27.469271482367894
2128,-38.86138776921695
2129,1.3536037309047337
2130,-73.50153593095632
2131,15.849380584417162
2132,1083.0553534612973
2133,-3.1496013892508614
2134,21.605677991535558
2135,20.503512663827525
2136,15.583746897263904
2137,7.95346759125739
2138,-63.29043684588143
2139,108.882673893518
2140,-22.398642804634335
2141,-2.2195793654733365
2142,-47.123236623888715
2143,22.160880708569557
2144,81.03733820268702
2145,15.87097996368904
2146,12.461798813501481
2147,120.79321137412369
2148,34.604627945642086
2149,-1.3816906472115775
2150,94.2686663059554
2151,5.063845939207525
2152,7.217907529690848
2153,-89.61729811490937
2154,85.57817822541425
2155,2.2081182878003816
2156,116.10001878080524
2157,23.999383178376767
2158,219.7653202452179
2159,1.1442646442273237
2160,-108.39347559839968
2161,21.517126585039176
2162,-19.280493976767893
2163,227.3885575800347
2164,7.775776114393587
2165,62.98959504914444
2166,-24.90560082398767
2167,-3.8687445565421257
2168,512.0560597103553
2169,-105.94750305212807
2170,151.64652859656002
2171,12.451979452293902
2172,-76.7409113675003
2173,-81.94073974517366
2174,14.08335534825962
2175,-52.52767207098677
2176,24.743024829614036
2177,-61.391146724134614
2178,15.559631881108995
2179,40.18671531829
2180,16.592028173835295
2181,-2.9246791382128094
2182,76.36837186813146
2183,3.5742732152135694
2184,290.90641951127935
2185,9.265355723187675
2186,-64.88690844837059
2187,9.418842284939377
2188,16.710255780466497
2189,17.372768285750094
2190,47.27853451234397
2191,122.05211382898648
2192,213.59244217105874
2193,-52.64884905211656
2194,20.00773245682294
2195,24.87522707491271
2196,9.967148822342587
2197,24.671028084479083
2198,12.29431532601334
2199,7.657558100205662
2200,54.23266992846516
2201,11.5003750393481
2202,89.3812724267162
2203,27.765841131906335
2204,15.935502322649036
2205,25.442478882691052
2206,44.702164667459314
2207,9.50306305279625
2208,53.21313470717584
2209,27.038400876171558
2210,6.991714164912821
2211,1.562501565907354
2212,10.263782119610333
2213,19.229398046702084
2214,1.9086658325183734
2215,-11.276587957906344
2216,30.96330659298547
2217,15.758429296128154
2218,53.02269214013943
2219,43.42922356213605
2220,-0.9296898760978607
2221,6.724621049661209
2222,5.163047451799322
2223,26.609301218196787
2224,40.244237033751574
2225,138.80303786951404
2226,9.617339495405687
2227,-87.08611172893814
2228,6.977163556961475
2229,22.786725686865495
2230,25.265860911932585
2231,67.53477044662762
2232,77.61550410241975
2233,-118.09896089132664
2234,10.881163194896807
2235,15.066109385622276
2236,63.02959726187662
2237,60.31104225928679
2238,28.712700693292074
2239,9.95348817757349
2240,1.9504607528512352
2241,3.032708970161579
2242,8.63780347181308
2243,481.0501473787805
2244,12.50335106339427
2245,18.426369565817264
2246,9.940983610897732
2247,14.381814589662774
2248,173.79093938675007
2249,604.4002377618714
2250,60.82991718703366
2251,-30.25153681508499
2252,180.88623674160016
2253,-72.02815661567814
2254,13.434573023282674
2255,21.565851656880778
2256,141.89400486986756
2257,30.97417951506506
2258,19.565596856071906
2259,-174.17856131919848
2260,20.936129492397257
2261,298.56899628765814
2262,20.854185227362628
2263,212.26265302847338
2264,11.09366007086248
2265,4.617940925797328
2266,34.54593079121608
2267,-168.9777169458311
2268,-438.32301780703307
2269,22.692782300826565
2270,378.59356705414183
2271,25.85014764998909
2272,0.43898306527579223
2273,-6.02363954323576
2274,-69.54785451850606
2275,15.709166398413032
2276,-429.738499248856
2277,-15.55754222914831
2278,-55.69861193171823
2279,644.0846357458983
2280,1.1962285451246366
2281,-5.206053244500239
2282,5.898320995417134
2283,-12.598830539243124
2284,3.6622583525303654
2285,30.876686337456405
2286,84.24079642126108
2287,218.93957934269287
2288,7.796076044976498
2289,-3.6700232344786485
2290,-1.359949809629029
2291,4.1148755650589806
2292,-33.92905182457349
2293,21.911285421854494
2294,36.531169725572354
2295,23.819572833511636
2296,-4.167797001972936
2297,25.81009658591609
2298,1.2161895896470867
2299,99.51205022490535
2300,-39.65324916110529
2301,-38.40407230256446
2302,1.769495911746926
2303,169.73796937619446
2304,30.559475086010757
2305,1.3387068172750212
2306,59.26850979030314
2307,-48.915371798447154
2308,30.425452168875843
2309,302.7918913500381
2310,19.569747496855072
2311,99.4970087794837
2312,15.531878475738102
2313,5.578268050678371
2314,-16.733118182736213
2315,-1.4628643008139264
2316,3.127208667873706
2317,21.348489288919932
2318,173.05304518938334
2319,-448.0233168143409
2320,230.92580428794773
2321,2.7720014431336892
2322,64.98925427680024
2323,7.612653817173346
2324,60.07428903248275
2325,24.866291849733376
2326,-24.04704550567996
2327,21.377015579560123
2328,26.248337109163792
2329,2.2191484325681614
2330,44.73871317531656
2331,146.9849234362049
2332,11.265597063317664
2333,6.113544165787367
2334,-62.01117226432581
2335,50.7174251169444
2336,14.704524690000046
2337,186.24671948783308
2338,26.088370628536385
2339,9.947364182369917
2340,-26.100423373403288
2341,1.5181838854305632
2342,40.54434302205179
2343,30.218106336009832
2344,20.44046307531049
2345,104.7490287079092
2346,13.117395797268198
2347,60.78648036808926
2348,17.746637389773486
2349,43.53593983948737
2350,34.16275359567785
2351,25.87956766229574
2352,14.819108801074773
2353,125.67834594919469
2354,14.226108357405138
2355,-374.8729808120899
2356,93.06531598525483
2357,-64.73787930394931
2358,-98.42435658297975
2359,-0.6676933300803718
2360,23.984441341463445
2361,68.3943162151514
2362,3.553680523388639
2363,-42.71604344140715
2364,11.31196762219999
2365,-3.531938253115584
2366,-118.36145646145454
2367,35.316411058405585
2368,8.131983389494604
2369,-61.57265324743176
2370,32.89145185945899
2371,1.262506644057467
2372,2.7842854419774454
2373,4.520482535725076
2374,-29.51328655317107
2375,-141.56507916811447
2376,39.33802781421076
2377,64.25842094710306
2378,-10.652138739560698
2379,9.371151062774324
2380,17.58300633538252
2381,-44.95820410758114
2382,260.9469150461362
2383,19.68397097076158
2384,0.03375688311253455
2385,501.17713933972084
2386,18.67530135069217
2387,14.988735858815716
2388,147.5645607679624
2389,4.762542212681836
2390,24.8705754502118
2391,26.292030245866663
2392,-26.4725748549857
2393,18.816860330582056
2394,22.791537363590113
2395,15.083146727550524
2396,25.936397928586782
2397,87.27772929310886
2398,11.70252855258628
2399,-22.3466717186422
2400,17.38120170430412
2401,5.4362357837332524
2402,26.009942917727667
2403,328.62126068751826
2404,-8.233643738835582
2405,-0.29294938981227503
2406,55.90155070936628
2407,168.19424571902852
2408,39.098903280841206
2409,13.289361842995632
2410,165.34847848868023
2411,28.13977390683155
2412,24.411973283669106
2413,13.488820316050898
2414,268.78569368050216
2415,-14.262419599360534
2416,20.258881097480888
2417,6.692450596319009
2418,-48.171404841653015
2419,10.50694150479886
2420,-139.13824482202884
2421,-60.1824510611131
2422,40.8016416078846
2423,90.98703335023356
2424,21.157352916665793
2425,-1.8898663717499744
2426,82.52132006035797
2427,16.92299086017872
2428,-91.44450283644954
2429,22.81482114821136
2430,7.921737379307665
2431,-1.3170745747942156
2432,37.29067133165263
2433,2.2673047827987673
2434,16.209293080462004
2435,-107.78966320351171
2436,19.95233171365578
2437,45.375684461216295
2438,117.53513833586615
2439,2.843772387510459
2440,73.5297719148007
2441,245.155254383561
2442,29.53561210060891
2443,27.36304498670239
2444,101.15414927261595
2445,3.5153204757107055
2446,276.202758897407
2447,-1.791918865353864
2448,114.13234795504286
2449,20.1229736992968
2450,-32.88908771705387
2451,19.839712869761236
2452,-1.6866107079579535
2453,26.417203212883294
2454,26.28715544621139
2455,41.66654474013437
2456,6.194707851434227
2457,6.323116488541217
2458,163.74379898211004
2459,35.85781862181206
2460,19.194244501203528
2461,-23.588179397007934
2462,130.12861589192755
2463,218.3834989393676
2464,205.5271266118683
2465,0.6913882692354036
2466,-17.217033831372724
2467,0.7969820016813003
2468,2.366909046029839
2469,5.139981317670809
2470,0.5851337778234686
2471,48.29390936109272
2472,25.25984568200142
2473,44.43129130201565
2474,22.338831609950873
2475,-630.7293087364308
2476,7.768082848601939
2477,22.034518282546966
2478,-44.59030733739087
2479,-45.222566114086476
2480,56.35370188201882
2481,-169.76230516165253
2482,46.33306755172387
2483,56.906042524569585
